{"cameraMode":{"drawMode":0,"name":"Shaded","section":"Shading Mode"},"sceneLighting":true,"audioPlay":false,"sceneViewState":{"m_AlwaysRefresh":false,"showFog":true,"showSkybox":true,"showFlares":true,"showImageEffects":true,"showParticleSystems":true,"showVisualEffectGraphs":true,"m_FxEnabled":true},"in2DMode":false,"pivot":{"x":11.85572338104248,"y":5.572693824768066,"z":43.60321807861328},"rotation":{"x":-0.00035630774800665677,"y":0.9980455636978149,"z":-0.06295707076787949,"w":-0.006050396710634232},"size":0.5636590123176575,"orthographic":false}