{"cameraMode":{"drawMode":0,"name":"Shaded","section":"Shading Mode"},"sceneLighting":true,"audioPlay":false,"sceneViewState":{"m_AlwaysRefresh":false,"showFog":true,"showSkybox":true,"showFlares":true,"showImageEffects":true,"showParticleSystems":true,"showVisualEffectGraphs":true,"m_FxEnabled":true},"in2DMode":false,"pivot":{"x":106.7823486328125,"y":34.36247634887695,"z":31.22429084777832},"rotation":{"x":0.22702455520629884,"y":-0.5510875582695007,"z":0.15895208716392518,"w":0.7871044278144836},"size":0.011610576882958413,"orthographic":false}