{"cameraMode":{"drawMode":0,"name":"Shaded","section":"Shading Mode"},"sceneLighting":true,"audioPlay":false,"sceneViewState":{"m_AlwaysRefresh":false,"showFog":true,"showSkybox":true,"showFlares":true,"showImageEffects":true,"showParticleSystems":true,"showVisualEffectGraphs":true,"m_FxEnabled":true},"in2DMode":false,"pivot":{"x":10.205560684204102,"y":1.2595769166946412,"z":84.44867706298828},"rotation":{"x":0.008832911029458046,"y":-0.9751906394958496,"z":0.03951294347643852,"w":0.2176746129989624},"size":8.515617370605469,"orthographic":false}