{"cameraMode":{"drawMode":0,"name":"Shaded","section":"Shading Mode"},"sceneLighting":true,"audioPlay":false,"sceneViewState":{"m_AlwaysRefresh":false,"showFog":true,"showSkybox":true,"showFlares":true,"showImageEffects":true,"showParticleSystems":true,"showVisualEffectGraphs":true,"m_FxEnabled":true},"in2DMode":false,"pivot":{"x":14.010258674621582,"y":1.2395145893096924,"z":97.39836120605469},"rotation":{"x":0.001968290889635682,"y":0.9831858277320862,"z":-0.18228864669799806,"w":0.010614883154630661},"size":66.55158996582031,"orthographic":false}